Code,VarietyLocation,Group,Sources,JosserandGroup
abas11,Abasolo del Valle,Mixtec,\citealt{galindo-sanchez2009vocabulario},NA
acat11,Santa María Acatepec,Mixtec,\citelalt{josserand1983mixtec},Coast
achi11,San Miguel Achiutla,Mixtec,\citelalt{josserand1983mixtec},Western Alta
adeq11,Santa Catarina Adequez,Mixtec,\citelalt{josserand1983mixtec},Northeastern Alta
agua11,NA,NA,\citelalt{josserand1983mixtec},NA
ahue11,San Miguel Ahuehuetitlán,Mixtec,\citelalt{josserand1983mixtec},Western Baja
alac11,Alacatlatzala,Mixtec,\citealt{anderson2006vocabulario},Guerrero
alac11,Alacatlatzala,Mixtec,\citelalt{josserand1983mixtec},Guerrero
alac11,Alacatlatzala,Mixtec,\citelalt{durr1987preliminary},Guerrero
alco11,Alcozáuca de Guerrero,Mixtec,\citelalt{josserand1983mixtec},Guerrero
alco11,Alcozáuca de Guerrero,Mixtec,\citelalt{swanton2020observaciones},Guerrero
amat11,San Miguel Amatitlán,Mixtec,\citelalt{josserand1983mixtec},Central Baja
apas11,Santa María Apazco,Mixtec,\citelalt{josserand1983mixtec},Northeastern Alta
apoa11,Santiago Apoala,Mixtec,\citelalt{josserand1983mixtec},Northeastern Alta
asun11,Santa María Asunción,Mixtec,\citealt{carrasco2020santa},NA
atat11,San Esteban Atatlahuca,Mixtec,\citealt{alexander1980gramatica},Western Alta
atat11,San Esteban Atatlahuca,Mixtec,\citelalt{josserand1983mixtec},Western Alta
atat11,San Esteban Atatlahuca,Mixtec,\citelalt{durr1987preliminary},Western Alta
aten11,San Agustín Atenango,Mixtec,\citelalt{josserand1983mixtec},Central Baja
atoy11,San Pedro Atoyac,Mixtec,\citelalt{josserand1983mixtec},Coast
ayut11,Ayutla de los Libres,Mixtec,\citealt{campos2004diccionario},Southern Baja
ayut11,Ayutla de los Libres,Mixtec,\citelalt{josserand1983mixtec},Southern Baja
ayut11,Ayutla de los Libres,Mixtec,\citelalt{durr1987preliminary},Southern Baja
brav11,Santa Cruz de Bravo,Mixtec,\citelalt{josserand1983mixtec},Guerrero
caca11,Santiago Cacaloxtepec,Mixtec,\citelalt{josserand1983mixtec},Tezoatlan
caca11,Santiago Cacaloxtepec,Mixtec,\citelalt{durr1987preliminary},Tezoatlan
cahu11,Cahuatache,Mixtec,\citelalt{josserand1983mixtec},Guerrero
cahu11,Cahuatache,Mixtec,\citelalt{durr1987preliminary},Guerrero
chal11,Chalcatongo de Hidalgo,Mixtec,\citealt{macaulay1990grammar},Western Alta
chal11,Chalcatongo de Hidalgo,Mixtec,\citelalt{josserand1983mixtec},Western Alta
chay11,San Agustín Chayuco,Mixtec,\citealt{pensinger1974diccionario},Coast
chay11,San Agustín Chayuco,Mixtec,\citelalt{josserand1983mixtec},Coast
chay11,San Agustín Chayuco,Mixtec,\citelalt{durr1987preliminary},Coast
chay12,San Pedro Chayuco,Mixtec,\citelalt{josserand1983mixtec},Southern Baja
chaz11,Santiago Chazumba,Mixtec,\citelalt{josserand1983mixtec},Northern Baja
chic02,San Andrés Chicahuaxtla 1890,Mixtec,\citealt{belmar1897ensayo},NA
chic11,San Miguel Chicahua,Mixtec,\citelalt{josserand1983mixtec},Northeastern Alta
chic12,San Andrés Chicahuaxtla,Triqui,\citealt{good1978diccionario},NA
chig11,Chigmecatitlán,Mixtec,\citelalt{josserand1983mixtec},Northern Baja
coat11,San Juan Coatzóspam,Mixtec,\citelalt{durr1987preliminary},Northern Alta
coic11,Coicoyán de las Flores,Mixtec,\citelalt{josserand1983mixtec},Southern Baja
colo11,San Juan Colorado,Mixtec,\citealt{campbell1986diccionario},Coast
colo11,San Juan Colorado,Mixtec,\citelalt{josserand1983mixtec},Coast
copa11,San Juan Copala,Triqui,\citelalt{hollenbach2008gramatica},NA
coso11,Cosoltepec,Mixtec,\citelalt{josserand1983mixtec},Northern Baja
coxc11,San Pedro Coxcaltepec Cántaros,Mixtec,\citelalt{josserand1983mixtec},Northeastern Alta
cuat11,Cuatzoquitengo,Mixtec,\citelalt{josserand1983mixtec},Guerrero
cuau11,Santa Ana Cuauhtémoc,Mixtec,\citelalt{josserand1983mixtec},Northern Alta
cuil11,Cuilapam de Guerrero,Mixtec,\citelalt{josserand1983mixtec},Northeastern Alta
cuya11,Cuyamecalco Villa de Zaragoza,Mixtec,\citelalt{josserand1983mixtec},Northern Alta
diux11,San Juan Diuxi,Mixtec,\citelalt{josserand1983mixtec},Eastern Alta
diux11,San Juan Diuxi,Mixtec,\citelalt{durr1987preliminary},Eastern Alta
dura11,San Martín Duraznos,Mixtec,\citelalt{hernandez2020san-martin},Southern Baja
dura11,San Martín Duraznos,Mixtec,\citelalt{josserand1983mixtec},Southern Baja
esta11,San Martín del Estado,Mixtec,\citelalt{josserand1983mixtec},Western Baja
este11,Santa Catarina Estetla,Mixtec,\citelalt{josserand1983mixtec},Eastern Alta
flor11,San Francisco de las Flores,Mixtec,\citelalt{josserand1983mixtec},Central Baja
flor12,San Marcos de la Flor,Mixtec,pending,NA
gran11,San Miguel El Grande,Mixtec,\citelalt{josserand1983mixtec},Western Alta
gran11,San Miguel El Grande (Alcozáuca),Mixtec,\citelalt{josserand1983mixtec},NA
gran11,San Miguel El Grande,Mixtec,\citelalt{durr1987preliminary},Western Alta
gran11,San Miguel El Grande (Alcozáuca),Mixtec,\citelalt{durr1987preliminary},NA
gran11,San Miguel El Grande,Mixtec,\citelalt{dyk1951vocabulario},Western Alta
gran11,San Miguel El Grande (Alcozáuca),Mixtec,\citelalt{dyk1951vocabulario},NA
guad11,Guadalupe Villahermosa (El Portesuelo),Mixtec,\citelalt{josserand1983mixtec},Central Baja
huaz11,Santa María Huazolotitlán,Mixtec,\citelalt{josserand1983mixtec},Coast
huit11,San Antonio Huitepec,Mixtec,\citelalt{josserand1983mixtec},Eastern Alta
itun11,Santa Cruz Itundujia,Mixtec,\citelalt{josserand1983mixtec},Western Alta
ixpa11,Ixpantepec Nieves,Mixtec,\citelalt{josserand1983mixtec},Southern Baja
ixta11,Santiago Ixtayutla,Mixtec,\citelalt{josserand1983mixtec},Coast
ixta12,Santiago Ixtaltepec,Mixtec,\citelalt{josserand1983mixtec},Northeastern Alta
ixta13,San Miguel Ixtapam,Mixtec,\citelalt{josserand1983mixtec},Northern Baja
jami11,Santiago Jamiltepec,Mixtec,\citelalt{josserand1983mixtec},Coast
jate11,San Francisco Jaltepetongo,Mixtec,\citelalt{josserand1983mixtec},Northeastern Alta/Eastern Alta
jica11,Santa María Jicaltepec,Mixtec,\citelalt{josserand1983mixtec},Coast
jica11,Santa María Jicaltepec,Mixtec,\citelalt{durr1987preliminary},Coast
jica12,San Pedro Jicayán,Mixtec,\citelalt{josserand1983mixtec},Coast
joco11,San Pedro Jocotipac,Mixtec,\citelalt{josserand1983mixtec},Northeastern Alta
juxt11,Santiago Juxtlahuaca,Mixtec,\citelalt{josserand1983mixtec},Southern Baja
lore11,San Lorenzo,Mixtec,\citelalt{josserand1983mixtec},Coast
mech11,Santa Catarina Mechoacán,Mixtec,\citelalt{josserand1983mixtec},Coast
metl11,Metlatónoc,Mixtec,\citelalt{josserand1983mixtec},Southern Baja
metl11,Metlatónoc,Mixtec,\citelalt{durr1987preliminary},Southern Baja
mica11,El Rosario Micaltepec,Mixtec,\citelalt{josserand1983mixtec},Northern Baja
mixt11,San Juan Mixtepec,Mixtec,\citelalt{josserand1983mixtec},Mixtepec
mixt11,San Juan Mixtepec,Mixtec,\citelalt{durr1987preliminary},Mixtepec
moli11,San Pedro Molinos,Mixtec,\citelalt{josserand1983mixtec},Western Alta
moli11,San Pedro Molinos,Mixtec,\citelalt{durr1987preliminary},Western Alta
mont12,San Sebastián del Monte,Mixtec,\citelalt{josserand1983mixtec},Central Baja
mont12,San Sebastián del Monte,Mixtec,\citelalt{solano2020san-sebastian},Central Baja
mont13,Santa Lucía Monteverde,Mixtec,\citelalt{josserand1983mixtec},Western Alta
mont13,Santa Lucía Monteverde,Mixtec,\citelalt{solano2020verbs},Western Alta
mont14,San Agustín Monte Lobos,Mixtec,\citelalt{josserand1983mixtec},Northeastern Alta
more11,San Luis Morelia,Mixtec,\citelalt{josserand1983mixtec},Central Baja
ndua11,San Antonio Nduayaco,Mixtec,\citelalt{josserand1983mixtec},Northeastern Alta
nuch11,San Jorge Nuchita,Mixtec,\citelalt{josserand1983mixtec},Central Baja
numi11,San Juan Ñumi,Mixtec,\citelalt{josserand1983mixtec},Western Alta
numi11,San Juan Ñumi,Mixtec,\citelalt{gittlen2016gramatica},Western Alta
nund11,Santa Cruz Nundaco,Mixtec,\citelalt{josserand1983mixtec},Western Alta
nund13,Santo Domingo Nundo,Mixtec,\citelalt{josserand1983mixtec},Eastern Alta/Tezoatlan
nuti11,Santa María Nutio,Mixtec,\citelalt{josserand1983mixtec},Coast
nuxa11,Santo Domingo Nuxaá,Mixtec,\citelalt{josserand1983mixtec},Eastern Alta
nuxi11,San Andrés Nuxiño,Mixtec,\citelalt{josserand1983mixtec},Eastern Alta
nuyo11,Santiago Nuyoó,Mixtec,\citelalt{josserand1983mixtec},Western Alta
ocot11,Santo Tomás Ocotepec,Mixtec,\citelalt{josserand1983mixtec},Western Alta
ocot11,Santo Tomás Ocotepec,Mixtec,\citelalt{durr1987preliminary},Western Alta
papa11,Santa María Pápalo,Cuicatec,\citelalt{anderson1983diccionario},NA
pena11,Magdalena Peñasco,Mixtec,\citelalt{hollenbach2013gramatica},Western Alta
pena12,San Mateo Peñasco,Mixtec,\citelalt{josserand1983mixtec},Western Alta
peno11,Santa María Peñoles,Mixtec,\citelalt{josserand1983mixtec},NA
peno11,Santa María Peñoles,Mixtec,\citelalt{josserand1983mixtec},Eastern Alta
peno11,Santa María Peñoles,Mixtec,\citelalt{durr1987preliminary},NA
peno11,Santa María Peñoles,Mixtec,\citelalt{durr1987preliminary},Eastern Alta
peno11,Santa María Peñoles,Mixtec,\citelalt{daly1977mixteco},NA
peno11,Santa María Peñoles,Mixtec,\citelalt{daly1977mixteco},Eastern Alta
pera11,San Martín Peras,Mixtec,\citelalt{josserand1983mixtec},Southern Baja
pied11,San Miguel Piedras,Mixtec,\citelalt{josserand1983mixtec},Eastern Alta
pied12,Piedra Azul,Mixtec,\citelalt{mendoza2020piedra},NA
pino11,Santiago Pinotepa Nacional,Mixtec,\citelalt{josserand1983mixtec},Coast
pino12,Pinotepa de Don Luis,Mixtec,\citelalt{josserand1983mixtec},Coast
prog11,San Miguel Progreso,Mixtec,\citelalt{josserand1983mixtec},Western Alta
prog12,San Jerónimo Progreso,Mixtec,\citelalt{josserand1983mixtec},Southern Baja
prog12,San Jerónimo Progreso,Mixtec,\citelalt{durr1987preliminary},Southern Baja
prom01,Proto-Mixtec,Mixtec,\citelalt{josserand1983mixtec},NA
prom01,Proto-Mixtec,Mixtec,\citelalt{durr1987preliminary},NA
prom01,Proto-Mixtec,Mixtec,\citelalt{swanton2020observaciones},NA
prom01,Proto-Mixtec,Mixtec,\citelalt{longacre1957proto-mixtecan},NA
prot01,Proto-Trique,Mixtec,\citelalt{longacre1957proto-mixtecan},NA
reye11,Santos Reyes Tepejillo,Mixtec,\citelalt{josserand1983mixtec},Southern Baja
sayu11,San Francisco Sayultepec,Mixtec,\citelalt{josserand1983mixtec},Coast
sind11,San Mateo Sindihui,Mixtec,\citelalt{josserand1983mixtec},Eastern Alta
sini11,San José (San José Sinicahua),Mixtec,\citelalt{josserand1983mixtec},Western Alta
soso11,San Jerónimo Sosola,Mixtec,\citelalt{josserand1983mixtec},Northeastern Alta
soya11,San Bartolo Soyaltepec,Mixtec,\citelalt{josserand1983mixtec},Northeastern Alta
tama11,San Juan Tamazola,Mixtec,\citelalt{josserand1983mixtec},Eastern Alta
tama12,Santiago Tamazola,Mixtec,\citelalt{josserand1983mixtec},Western Baja
tata11,Santa María Tataltepec,Mixtec,\citelalt{josserand1983mixtec},Western Alta
teco11,San Sebastián Tecomaxtlahuaca,Mixtec,\citelalt{josserand1983mixtec},Southern Baja
teit11,San Juan Teita,Mixtec,\citelalt{josserand1983mixtec},Western Alta
tejo11,Los Tejocotes,Mixtec,\citelalt{josserand1983mixtec},Mixtepec
tepe03,San Juan Tepeuxila 1900,Mixtec,\citelalt{belmar1902el-cuicateco},NA
tepe11,Tepejillo,Mixtec,\citelalt{josserand1983mixtec},Northern Baja
tepe12,San Antonio Tepetlapa,Mixtec,\citelalt{josserand1983mixtec},Coast
tepo01,San Pedro y San Pablo Teposcolula 1600,Mixtec,\citelalt{josserand1983mixtec},Eastern Alta
tepo01,San Pedro y San Pablo Teposcolula 1600,Mixtec,\citelalt{reyes1890arte},Eastern Alta
tepo01,San Pedro y San Pablo Teposcolula 1600,Mixtec,\citelalt{alvarado1593vocabulario},Eastern Alta
tepo11,San Pedro y San Pablo Teposcolula,Mixtec,\citelalt{josserand1983mixtec},Eastern Alta
tida11,San Pedro Tidaá,Mixtec,\citelalt{josserand1983mixtec},Eastern Alta
tila11,Santiago Tilantongo,Mixtec,\citelalt{josserand1983mixtec},Eastern Alta
tlac11,San Agustín Tlacotepec,Mixtec,\citelalt{josserand1983mixtec},Western Alta
tlac12,San Miguel Tlacotepec,Mixtec,\citelalt{josserand1983mixtec},Southern Baja
tlah11,Tlahuapa,Mixtec,\citelalt{reyes-basurto2020tlahuapa},NA
tlal11,Santa Catarina Tlaltempan,Mixtec,\citelalt{josserand1983mixtec},Northern Baja
tlaz11,Santiago Tlazoyaltepec,Mixtec,\citelalt{josserand1983mixtec},Eastern Alta
tlaz11,Santiago Tlazoyaltepec,Mixtec,\citelalt{josserand1983mixtec},NA
tona11,Santa María Tonahuixtla,Mixtec,\citelalt{josserand1983mixtec},Northern Baja
toto12,Totoltepec de Guerrero,Mixtec,\citelalt{josserand1983mixtec},Northern Baja
tutu11,Villa de Tututepec de Melchor Ocampo,Mixtec,\citelalt{josserand1983mixtec},Coast
xaya11,San Jerónimo Xayacatlán,Mixtec,\citelalt{josserand1983mixtec},Northern Baja
xaya11,San Jerónimo Xayacatlán,Mixtec,\citelalt{durr1987preliminary},Northern Baja
xaya12,Xayacatlán de Bravo,Mixtec,\citelalt{josserand1983mixtec},Northern Baja
xoch11,Xochapa,Mixtec,\citelalt{gonzalez-de-guzman2013diccionario},NA
yolo11,Santa María Yolotepec,Mixtec,\citelalt{josserand1983mixtec},Western Alta
yolo11,Santa María Yolotepec,Mixtec,\citelalt{amith2020yoloxochitl},Western Alta
yolo12,Yoloxochitl,Mixtec,\citelalt{josserand1983mixtec},Guerrero
yoso11,Santiago Yosondúa,Mixtec,\citelalt{josserand1983mixtec},Western Alta
yoso11,Santiago Yosondúa,Mixtec,\citelalt{farris2012diccionario},Western Alta
yucu11,San Bartolomé Yucuañe,Mixtec,\citelalt{josserand1983mixtec},Western Alta
yucu12,Santa María Yucuhiti,Mixtec,\citelalt{josserand1983mixtec},Western Alta
yucu13,Yucuñuti de Benito Juárez,Mixtec,\citelalt{josserand1983mixtec},Tezoatlan
yucu14,San Pedro Yucunama,Mixtec,\citelalt{josserand1983mixtec},Eastern Alta
yucu15,Santa María Yucunicoco,Mixtec,\citelalt{josserand1983mixtec},Mixtepec
yucu16,Yucuquimi de Ocampo,Mixtec,\citelalt{josserand1983mixtec},Tezoatlan
yuta11,Yutanduchi de Guerrero,Mixtec,\citelalt{josserand1983mixtec},Eastern Alta
yuta12,San Juan Yuta,Mixtec,\citelalt{josserand1983mixtec},Eastern Alta
yuta13,San Andrés Yutatío,Mixtec,\citelalt{williams2007gramatica},NA
yuta13,San Andrés Yutatío,Mixtec,\citelalt{williams2017diccionario},NA
zaca11,Santa María Zacatepec,Mixtec,\citelalt{josserand1983mixtec},Coast
zaca11,Santa María Zacatepec,Mixtec,\citelalt{towne2011gramatica},Coast
zapo11,Zapotitlán Palmas,Mixtec,\citelalt{josserand1983mixtec},Northern Baja
